{
    "with_exploration": true,
    "with_reconstruction": true,
    //Reconstruction Flags
    "with_continuous_height_flag": false,
    "with_erosion_flag": false,
    "double_flag": false,
    "split_flag": false,
    "cluster_duplicate_flag": false,
    //Exploration Flags
    "fix_angle_flag": true,
    "explore_multi_angle": false,
  
    // Reconstruction parameters
    "view_distance": 40,
    "safe_distance": 25,
    "vertical_overlap": 0.4,
    "horizontal_overlap": 0.1,
    "split_overlap": 0.5,
    "z_down_bounds": 40, //Optinal
  
    "fov": 53,
  
    "HEIGHT_CLIP": 10, // Effect the clustering of the buildings. Do not important here, we manually select a good point cloud for clustering
    "MERGED_THRESHOLD": -1,
    "SPLIT_THRESHOLD": 100,
    "heightmap_resolution": 5,
    "heightmap_dilate": 0,
    "cluster_radius": 10,
    "model_path": "F:\\Sig\\Real\\paper_2nd\\2_3_global\\Shanghai_points_2.ply",
    "safe_zone_model_path": "F:\\Sig\\Real\\paper_2nd\\2_3_global\\Shanghai_points_2.ply",
    "mesh_root": "F:\\DataSet\\Shenzhen\\SZU_split_latest\\split",
    "color_map": "F:\\Unreal\\City\\Plugins\\AirSim\\Content\\HUDAssets\\seg_color_pallet.png",
    "is_viz": true,
    "is_viz1": false,
    "is_log": true,
  
    //
    // These are all unreal coordinates
    // Y axis in invert, min y in unreal is max y in mesh
    //
    "START_X": -27000.0,
    "START_Y": 143000.0,
    "START_Z": 4000.0,
    "MAP_START_UNREAL_X": -10000.0,
    "MAP_START_UNREAL_Y": -76000.0,
    "MAP_START_UNREAL_Z": -500.0,
    "MAP_END_UNREAL_X": 20000.0,
    "MAP_END_UNREAL_Y": 43000.0,
    "MAP_END_UNREAL_Z": 9000.0,
    "boundary2": [
        113.92798662185669,
        22.542121410369873,
        0,
        113.93465715103149,
        22.542250156402588,
        0,
        113.93465715103149,
        22.539825439453125,
        0,
        113.93481016159058,
        22.536091804504395,
        0,
        113.935786485672,
        22.534246444702148,
        0,
        113.93733143806458,
        22.535061836242676,
        0,
        113.93836140632629,
        22.532433271408081,
        0,
        113.93712759017944,
        22.531810998916626,
        0,
        113.93634438514709,
        22.531650066375732,
        0,
        113.9357328414917,
        22.530630826950073,
        0,
        113.93505692481995,
        22.530019283294678,
        0,
        113.9341127872467,
        22.528163194656372,
        0,
        113.93246194992065,
        22.528291940689087,
        0,
        113.93222451210022,
        22.530781030654907,
        0,
        113.92485380172729,
        22.530512809753418,
        0,
        113.92504692077637,
        22.530813217163086,
        0,
        113.92659187316895,
        22.533624172210693,
        0,
        113.92757892608643,
        22.538237571716309,
        0,
        113.92755746841431,
        22.538259029388428,
        0,
        113.92798662185669,
        22.542121410369873,
        0
    ],
    "boundary1": [
        113.93,
        22.5282,
        0,
        113.934,
        22.5281,
        0,
        113.935,
        22.5298,
        0,
        113.938,
        22.5324,
        0,
        113.937,
        22.5351,
        0,
        113.9359077714098,
        22.53452542964941,
        0,
        113.9341045660364,
        22.5364678004051,
        0,
        113.9341045660364,
        22.5419,
        0,
        113.927,
        22.5422,
        0,
        113.9276801662098,
        22.53641142469699,
        0,
        113.925,
        22.5297,
        0,
        113.93,
        22.5286,
        0
    ],

    "DRONE_STEP": 10,
    "with_interpolated": false,
  
    "SYNTHETIC_POINT_CLOUD": true,
    "MAP_2D_BOX_TO_3D": true,
    "use_bbox_detect":false,
    //"mapper": "gt_mapper",
    //"mapper": "graduate_gt_mapper",
     "mapper": "Virtual_mapper",
    // "mapper": "real_mapper",
  
    "nbv_target": "Topology_decomposition",
    "nbv_target3": "Min_distance",
    "nbv_target1": "Reconstruction_only",
    "nbv_target1": "Min_max_information",
  
    // Ablation study
    "nbv_target1": "Exploration_first",
    "nbv_target1": "Random_min_distance",
  
    "CCPP_CELL_THRESHOLD": 5,
    "CCPP_Obstacle_weight": 2.5,
    "ccpp_cell_distance": 30,
  
    "output_waypoint": false,
    "geo_origin1": [1.26826e7, 2.57652e6, 0],
    "geo_origin": [],
    "IOU_threshold": 0.7
  }